Folder		File	SDR	SIR	SAR
112		picked.wav	6.1312	9.11449	9.67101
		remain.wav	9.0743	14.9324	10.5165
