Folder		File	SDR	SIR	SAR
81		picked.wav	0.752937	13.2047	1.21002
		remain.wav	7.86697	9.38077	13.6531
