Folder		File	SDR	SIR	SAR
111		picked.wav	10.4191	17.2563	11.5081
		remain.wav	-0.0913635	2.10203	6.0112
