Folder		File	SDR	SIR	SAR
3		picked.wav	17.8775	35.1279	17.9614
		remain.wav	3.30898	6.05108	7.56816
