Folder		File	SDR	SIR	SAR
103		picked.wav	17.8488	23.0678	19.4234
		remain.wav	-7.29496	-6.39475	7.27333
