Folder		File	SDR	SIR	SAR
62		picked.wav	8.12453	16.6152	8.88108
		remain.wav	4.17048	6.09487	9.58645
