Folder		File	SDR	SIR	SAR
27		picked.wav	-5.66793	-5.16265	10.2422
		remain.wav	2.72071	6.04151	6.40616
