Folder		File	SDR	SIR	SAR
61		picked.wav	2.86063	6.20802	6.49038
		remain.wav	6.12317	8.43168	10.5533
