Folder		File	SDR	SIR	SAR
96		picked.wav	5.30964	6.2794	13.2153
		remain.wav	5.18223	17.4832	5.52258
