Folder		File	SDR	SIR	SAR
11		picked.wav	18.2512	26.4102	18.9812
		remain.wav	4.39233	8.34888	7.21892
