Folder		File	SDR	SIR	SAR
40		picked.wav	-1.39843	0.442067	6.01275
		remain.wav	9.13056	14.7053	10.6839
