Folder		File	SDR	SIR	SAR
92		picked.wav	4.84344	6.37247	11.0202
		remain.wav	3.79923	5.49413	9.78519
