Folder		File	SDR	SIR	SAR
133		picked.wav	14.4371	28.3056	14.6255
		remain.wav	1.75078	5.19984	5.50874
