Folder		File	SDR	SIR	SAR
134		picked.wav	4.08114	6.52223	8.61996
		remain.wav	4.76311	6.9048	9.66639
