Folder		File	SDR	SIR	SAR
12		picked.wav	9.14934	14.5934	10.7575
		remain.wav	3.61932	5.8733	8.54497
