Folder		File	SDR	SIR	SAR
141		picked.wav	6.45565	10.5073	8.99683
		remain.wav	21.1149	28.5871	21.9773
