Folder		File	SDR	SIR	SAR
47		picked.wav	0.249197	0.925043	11.2345
		remain.wav	4.13637	7.01865	8.06558
