Folder		File	SDR	SIR	SAR
67		picked.wav	7.55068	14.3325	8.73062
		remain.wav	7.00914	11.3787	9.2909
