Folder		File	SDR	SIR	SAR
64		picked.wav	12.5628	18.3222	13.9664
		remain.wav	-5.18862	-3.69667	5.41695
