Folder		File	SDR	SIR	SAR
59		picked.wav	-11.231	-7.84663	-0.0582941
		remain.wav	7.59337	21.3745	7.81065
