Folder		File	SDR	SIR	SAR
104		picked.wav	-6.39739	-5.22253	6.21823
		remain.wav	4.67864	14.6999	5.27859
