Folder		File	SDR	SIR	SAR
132		picked.wav	4.22959	11.21	5.51786
		remain.wav	6.49044	8.72692	10.9894
