Folder		File	SDR	SIR	SAR
7		picked.wav	10.0734	14.4474	12.2007
		remain.wav	-1.28492	0.919227	5.29103
