Folder		File	SDR	SIR	SAR
124		picked.wav	5.35678	7.96606	9.45251
		remain.wav	2.75386	5.98649	6.5286
