Folder		File	SDR	SIR	SAR
128		picked.wav	15.8318	22.4358	16.9277
		remain.wav	6.10355	8.70834	10.1097
