Folder		File	SDR	SIR	SAR
82		picked.wav	-11.2623	-10.0357	5.27347
		remain.wav	0.834497	21.3831	0.904413
