Folder		File	SDR	SIR	SAR
10		picked.wav	17.3563	28.2394	17.7325
		remain.wav	3.6724	5.96836	8.51774
