Folder		File	SDR	SIR	SAR
43		picked.wav	3.77264	5.87734	8.92664
		remain.wav	5.84525	11.1516	7.68242
