Folder		File	SDR	SIR	SAR
70		picked.wav	10.2587	13.2041	13.5377
		remain.wav	-2.72417	-1.15898	6.09545
