Folder		File	SDR	SIR	SAR
84		picked.wav	16.0575	18.9916	19.1997
		remain.wav	-4.60099	-2.86437	4.89369
