Folder		File	SDR	SIR	SAR
68		picked.wav	-9.73545	-5.77287	-0.713053
		remain.wav	9.65781	17.5435	10.5049
