Folder		File	SDR	SIR	SAR
57		picked.wav	9.93416	24.9168	10.0883
		remain.wav	9.40604	14.0316	11.41
