Folder		File	SDR	SIR	SAR
28		picked.wav	15.601	31.9149	15.7065
		remain.wav	1.10646	4.44507	5.1448
