Folder		File	SDR	SIR	SAR
149		picked.wav	0.45852	6.88271	2.39113
		remain.wav	10.6166	15.544	12.4209
