Folder		File	SDR	SIR	SAR
77		picked.wav	-6.72979	-4.83953	3.86566
		remain.wav	3.10427	8.90799	4.95378
