Folder		File	SDR	SIR	SAR
98		picked.wav	18.4851	32.2276	18.6752
		remain.wav	-0.524906	2.88348	3.92435
