Folder		File	SDR	SIR	SAR
17		picked.wav	-6.46032	-2.25622	-0.102104
		remain.wav	11.7632	18.8738	12.7585
