Folder		File	SDR	SIR	SAR
37		picked.wav	-6.14552	-2.22025	0.370215
		remain.wav	9.95181	14.4331	12.019
