Folder		File	SDR	SIR	SAR
138		picked.wav	-8.3199	-7.85273	10.1068
		remain.wav	7.13449	15.0792	8.02719
