Folder		File	SDR	SIR	SAR
99		picked.wav	14.0212	25.1964	14.379
		remain.wav	3.91811	7.48806	7.14533
