Folder		File	SDR	SIR	SAR
33		picked.wav	15.9904	21.5182	17.4478
		remain.wav	-4.88823	-2.45927	3.20515
