Folder		File	SDR	SIR	SAR
65		picked.wav	12.4858	23.645	12.8505
		remain.wav	7.22369	13.1517	8.70965
