Folder		File	SDR	SIR	SAR
106		picked.wav	14.1023	24.9081	14.4929
		remain.wav	3.96936	8.12228	6.69829
