Folder		File	SDR	SIR	SAR
108		picked.wav	-8.65614	-7.94468	8.14227
		remain.wav	14.5086	24.9899	14.9296
