Folder		File	SDR	SIR	SAR
79		picked.wav	16.9249	24.3656	17.804
		remain.wav	5.74493	8.12224	10.1189
