Folder		File	SDR	SIR	SAR
144		picked.wav	6.73592	16.932	7.25939
		remain.wav	2.73001	5.73829	6.76937
