Folder		File	SDR	SIR	SAR
137		picked.wav	15.0873	28.4405	15.2989
		remain.wav	4.10769	8.35477	6.74853
