Folder		File	SDR	SIR	SAR
83		picked.wav	12.2761	16.5748	14.3886
		remain.wav	4.64802	7.70771	8.28956
