Folder		File	SDR	SIR	SAR
63		picked.wav	-5.00984	-2.54057	3.08237
		remain.wav	5.68956	20.66	5.86723
