Folder		File	SDR	SIR	SAR
38		picked.wav	0.71218	1.98655	8.78833
		remain.wav	2.80576	3.50296	12.6968
