Folder		File	SDR	SIR	SAR
48		picked.wav	9.88444	18.6337	10.5652
		remain.wav	9.60307	14.1989	11.6165
