Folder		File	SDR	SIR	SAR
36		picked.wav	13.0638	27.3031	13.2386
		remain.wav	3.65757	5.51699	9.31281
