Folder		File	SDR	SIR	SAR
49		picked.wav	17.9876	29.0332	18.3485
		remain.wav	4.39468	7.24304	8.32379
