Folder		File	SDR	SIR	SAR
88		picked.wav	-11.0447	-9.47318	4.06963
		remain.wav	6.03029	23.4672	6.12886
