Folder		File	SDR	SIR	SAR
41		picked.wav	2.22643	4.13782	8.12808
		remain.wav	7.37388	20.4058	7.63489
