Folder		File	SDR	SIR	SAR
60		picked.wav	2.61846	8.99998	4.26888
		remain.wav	10.9206	17.5047	12.0738
