Folder		File	SDR	SIR	SAR
147		picked.wav	8.76795	11.4847	12.3912
		remain.wav	-4.49035	-3.08029	5.89909
