Folder		File	SDR	SIR	SAR
51		picked.wav	-1.18808	-0.119194	8.49424
		remain.wav	9.22888	18.3219	9.86345
