Folder		File	SDR	SIR	SAR
148		picked.wav	19.3223	28.2764	19.9197
		remain.wav	6.54701	9.6303	9.93439
