Folder		File	SDR	SIR	SAR
1		picked.wav	-4.3897	0.985748	-0.356722
		remain.wav	4.10499	8.60477	6.56925
