Folder		File	SDR	SIR	SAR
117		picked.wav	-15.2804	-14.0499	5.01489
		remain.wav	4.02045	14.5829	4.56841
