Folder		File	SDR	SIR	SAR
69		picked.wav	18.0437	24.6604	19.1261
		remain.wav	7.01928	12.4378	8.73039
