Folder		File	SDR	SIR	SAR
87		picked.wav	-10.1323	-7.55597	1.61865
		remain.wav	6.35549	21.2318	6.53172
