Folder		File	SDR	SIR	SAR
135		picked.wav	12.7984	21.3574	13.4818
		remain.wav	0.786334	1.75823	9.98444
