Folder		File	SDR	SIR	SAR
71		picked.wav	11.1682	14.3011	14.2176
		remain.wav	3.55948	7.75337	6.31415
