Folder		File	SDR	SIR	SAR
0		picked.wav	12.7817	15.5313	16.1893
		remain.wav	4.28361	8.94039	6.62457
