Folder		File	SDR	SIR	SAR
97		picked.wav	-12.7971	-12.1171	7.96697
		remain.wav	-4.22145	14.7428	-4.02264
