Folder		File	SDR	SIR	SAR
102		picked.wav	7.87838	17.9682	8.39487
		remain.wav	4.7228	7.98908	8.13178
