Folder		File	SDR	SIR	SAR
19		picked.wav	-4.01514	-2.41423	5.47798
		remain.wav	6.58448	15.2066	7.3551
