Folder		File	SDR	SIR	SAR
13		picked.wav	16.3897	21.7918	17.8952
		remain.wav	-4.70602	-2.74914	4.2968
