Folder		File	SDR	SIR	SAR
85		picked.wav	-9.02627	-8.56078	10.0303
		remain.wav	13.6605	18.6847	15.3587
