Folder		File	SDR	SIR	SAR
72		picked.wav	7.34249	10.5123	10.5687
		remain.wav	4.5107	10.9067	5.98072
