Folder		File	SDR	SIR	SAR
120		picked.wav	15.4672	24.7137	16.0318
		remain.wav	5.23867	7.75538	9.47916
