Folder		File	SDR	SIR	SAR
107		picked.wav	8.55954	14.86	9.85908
		remain.wav	13.6572	20.899	14.6007
