Folder		File	SDR	SIR	SAR
140		picked.wav	11.4368	16.6785	13.0727
		remain.wav	0.888361	3.5282	5.89874
