Folder		File	SDR	SIR	SAR
34		picked.wav	17.2177	29.1947	17.5075
		remain.wav	3.83701	7.06408	7.42034
