Folder		File	SDR	SIR	SAR
8		picked.wav	6.68782	12.5962	8.20781
		remain.wav	15.9013	23.8706	16.6743
