Folder		File	SDR	SIR	SAR
56		picked.wav	4.53263	7.63456	8.14395
		remain.wav	11.0388	15.653	12.997
